2026-05-18_19-11-45,0,main.go:2026-05-18_19-11-45;stack.go:2026-05-18_19-11-45
2026-05-18_19-28-34,25,main.go:2026-05-18_19-28-34;stack.go:2026-05-18_19-11-45
2026-05-18_19-28-53,25,main.go:2026-05-18_19-28-34;stack.go:2026-05-18_19-11-45
2026-05-18_19-29-00,25,main.go:2026-05-18_19-29-00;stack.go:2026-05-18_19-11-45
2026-06-26_12-06-35,25,main.go:2026-06-26_12-06-35;stack.go:2026-05-18_19-11-45
2026-06-26_12-07-14,25,main.go:2026-06-26_12-06-35;stack.go:2026-05-18_19-11-45
2026-06-26_12-07-24,25,main.go:2026-06-26_12-06-35;stack.go:2026-05-18_19-11-45
2026-06-26_12-10-25,25,main.go:2026-06-26_12-10-25;stack.go:2026-05-18_19-11-45
2026-06-26_12-22-24,25,main.go:2026-06-26_12-22-24;stack.go:2026-05-18_19-11-45
2026-06-26_12-28-18,25,stack.go:2026-05-18_19-11-45;main.go:2026-06-26_12-22-24
2026-06-26_12-28-47,100,stack.go:2026-05-18_19-11-45;main.go:2026-06-26_12-28-47
