2026-05-23_14-42-39,0,shell.go:2026-05-23_14-42-39
2026-05-23_14-43-26,87,shell.go:2026-05-23_14-43-26
2026-05-23_14-43-53,87,shell.go:2026-05-23_14-43-53
2026-05-23_14-44-30,0,shell.go:2026-05-23_14-44-30
2026-05-23_14-44-31,0,shell.go:2026-05-23_14-44-30
2026-05-23_14-44-32,0,shell.go:2026-05-23_14-44-30
2026-05-23_14-44-33,0,shell.go:2026-05-23_14-44-30
2026-05-23_14-44-34,---,shell.go:2026-05-23_14-44-30
2026-05-23_14-52-44,87,shell.go:2026-05-23_14-52-44
2026-05-23_14-53-36,100,shell.go:2026-05-23_14-53-36
