2026-05-19_19-41-36,0,dlist.go:2026-05-19_19-41-36;main.go:2026-05-19_19-41-36
2026-05-19_19-41-44,0,dlist.go:2026-05-19_19-41-36;main.go:2026-05-19_19-41-36
2026-05-19_19-41-59,0,dlist.go:2026-05-19_19-41-36;main.go:2026-05-19_19-41-59
2026-06-08_20-40-21,0,dlist.go:2026-06-08_20-40-21;main.go:2026-06-08_20-40-21
2026-06-08_20-48-44,0,main.go:2026-06-08_20-48-44
2026-06-08_20-48-56,0,main.go:2026-06-08_20-48-56
2026-06-08_20-48-56,0,main.go:2026-06-08_20-48-56
2026-06-08_20-48-58,0,main.go:2026-06-08_20-48-58
2026-06-08_20-48-59,0,main.go:2026-06-08_20-48-58
2026-06-08_20-49-00,0,main.go:2026-06-08_20-48-58
2026-06-08_20-51-56,100,main.go:2026-06-08_20-51-56
2026-06-08_21-26-55,100,main.go:2026-06-08_20-51-56
