2026-05-19_19-25-15,0,main.go:2026-05-19_19-25-15
2026-05-19_19-25-15,---,main.go:2026-05-19_19-25-15
2026-05-19_19-38-29,---,main.go:2026-05-19_19-38-29
2026-05-25_19-02-00,0,main.go:2026-05-25_19-02-00
2026-05-26_17-07-08,0,main.go:2026-05-26_17-07-08
2026-05-26_17-07-09,0,main.go:2026-05-26_17-07-08
2026-05-26_17-07-54,9,main.go:2026-05-26_17-07-54
2026-05-26_17-08-01,9,main.go:2026-05-26_17-08-01
2026-05-26_17-08-31,9,main.go:2026-05-26_17-08-31
2026-05-26_17-08-39,9,main.go:2026-05-26_17-08-39
2026-05-26_17-22-36,72,main.go:2026-05-26_17-22-36
2026-05-26_17-23-12,81,main.go:2026-05-26_17-23-12
2026-05-26_17-24-14,100,main.go:2026-05-26_17-24-14
