2026-03-06_10-24-24,0,draft.go:2026-03-06_10-24-24
2026-03-06_10-26-08,---,draft.go:2026-03-06_10-24-24
2026-03-06_10-26-40,0,draft.go:2026-03-06_10-24-24
2026-03-06_10-28-29,0,draft.go:2026-03-06_10-24-24
2026-03-06_10-29-04,0,draft.go:2026-03-06_10-29-04
2026-03-06_10-31-15,100,draft.go:2026-03-06_10-29-04
2026-03-06_10-31-56,100,draft.go:2026-03-06_10-29-04
2026-03-06_10-32-43,---,draft.go:2026-03-06_10-29-04
2026-03-06_10-35-10,0,draft.go:2026-03-06_10-35-10
2026-03-06_10-35-15,---,draft.go:2026-03-06_10-35-10
2026-03-06_11-06-15,100,draft.go:2026-03-06_11-06-15
