2026-07-06_09-54-44,14,main.go:2026-07-06_09-54-44
2026-07-06_09-59-25,14,main.go:2026-07-06_09-59-25
2026-07-06_10-00-03,14,main.go:2026-07-06_09-59-25
2026-07-06_10-01-43,14,main.go:2026-07-06_09-59-25
2026-07-06_10-02-34,14,main.go:2026-07-06_09-59-25
2026-07-06_10-04-06,14,main.go:2026-07-06_09-59-25
2026-07-06_10-09-16,14,main.go:2026-07-06_10-09-16
2026-07-06_10-10-53,14,main.go:2026-07-06_10-09-16
2026-07-06_10-11-11,14,main.go:2026-07-06_10-09-16
2026-07-06_10-11-45,14,main.go:2026-07-06_10-09-16
2026-07-06_10-12-16,14,main.go:2026-07-06_10-09-16
2026-07-06_10-13-22,14,main.go:2026-07-06_10-13-22
2026-07-06_11-34-14,14,main.go:2026-07-06_11-34-14
2026-07-06_11-36-36,14,main.go:2026-07-06_11-34-14
2026-07-06_11-38-53,14,main.go:2026-07-06_11-34-14
2026-07-06_11-40-11,14,main.go:2026-07-06_11-40-11
2026-07-06_11-40-30,14,main.go:2026-07-06_11-40-11
2026-07-06_11-40-54,14,main.go:2026-07-06_11-40-11
2026-07-06_11-41-06,14,main.go:2026-07-06_11-41-06
2026-07-06_11-48-11,14,main.go:2026-07-06_11-41-06
2026-07-06_16-08-56,0,main.go:2026-07-06_16-08-56
2026-07-06_16-09-14,0,main.go:2026-07-06_16-08-56
2026-07-06_16-09-35,0,main.go:2026-07-06_16-08-56
2026-07-06_16-09-47,0,main.go:2026-07-06_16-08-56
2026-07-06_16-09-48,0,main.go:2026-07-06_16-08-56
2026-07-06_16-10-20,14,main.go:2026-07-06_16-10-20
2026-07-06_16-10-34,14,main.go:2026-07-06_16-10-20
2026-07-06_16-10-43,14,main.go:2026-07-06_16-10-20
