2026-07-06_14-27-43,12,main.go:2026-07-06_14-27-43
2026-07-06_15-44-14,12,main.go:2026-07-06_14-27-43
2026-07-06_15-44-24,33,main.go:2026-07-06_14-27-43
2026-07-06_15-44-40,12,main.go:2026-07-06_14-27-43
2026-07-06_15-44-55,33,main.go:2026-07-06_14-27-43
2026-07-06_15-45-12,12,main.go:2026-07-06_14-27-43
2026-07-06_15-45-25,12,main.go:2026-07-06_14-27-43
2026-07-06_15-45-40,12,main.go:2026-07-06_14-27-43
2026-07-06_15-45-50,12,main.go:2026-07-06_14-27-43
2026-07-06_15-46-10,12,main.go:2026-07-06_14-27-43
2026-07-06_15-46-23,12,main.go:2026-07-06_14-27-43
2026-07-06_15-53-05,33,main.go:2026-07-06_14-27-43
2026-07-06_15-53-34,12,main.go:2026-07-06_14-27-43
