2026-06-05_20-47-48,0,main.go:2026-06-05_20-47-48
2026-06-05_21-05-57,0,main.go:2026-06-05_20-47-48
2026-06-08_00-00-53,0,main.go:2026-06-08_00-00-53
2026-06-08_00-04-23,0,main.go:2026-06-08_00-04-23
2026-06-08_00-09-15,---,main.go:2026-06-08_00-09-15
2026-06-08_12-39-59,0,main.go:2026-06-08_00-09-15
2026-06-08_12-44-38,66,main.go:2026-06-08_12-44-38
2026-06-08_12-45-32,66,main.go:2026-06-08_12-45-32
2026-06-08_12-45-48,66,main.go:2026-06-08_12-45-48
2026-06-08_12-46-04,100,main.go:2026-06-08_12-46-04
2026-06-08_18-36-50,100,main.go:2026-06-08_12-46-04
