2026-03-19_17-27-40,0,draft.go:2026-03-19_17-27-40
2026-03-19_17-27-46,0,draft.go:2026-03-19_17-27-40
2026-03-19_17-27-48,0,draft.go:2026-03-19_17-27-40
2026-03-19_17-40-40,83,draft.go:2026-03-19_17-40-40
2026-03-20_01-22-43,83,draft.go:2026-03-19_17-40-40
2026-03-20_01-25-24,100,draft.go:2026-03-20_01-25-24
2026-03-20_01-49-28,100,draft.go:2026-03-20_01-25-24
2026-03-20_01-51-18,100,draft.go:2026-03-20_01-25-24
2026-03-20_01-51-22,---,draft.go:2026-03-20_01-25-24
2026-03-20_15-07-08,---,draft.go:2026-03-20_01-25-24
2026-03-20_15-07-39,100,draft.go:2026-03-20_01-25-24
