2026-05-22_01-48-55,0,draft.go:2026-05-22_01-48-55
2026-05-22_01-49-15,25,draft.go:2026-05-22_01-49-15
2026-05-22_01-50-02,25,draft.go:2026-05-22_01-49-15
2026-05-22_01-50-28,25,draft.go:2026-05-22_01-50-28
2026-05-22_01-50-36,---,draft.go:2026-05-22_01-50-28
2026-05-22_01-50-48,25,draft.go:2026-05-22_01-50-48
2026-05-22_01-51-24,0,draft.go:2026-05-22_01-51-24
2026-05-22_01-52-09,25,draft.go:2026-05-22_01-52-09
2026-05-22_01-55-48,0,draft.go:2026-05-22_01-55-48
2026-05-22_01-56-05,100,draft.go:2026-05-22_01-56-05
