2026-03-21_19-27-16,---,draft.go:2026-03-21_19-27-16
2026-03-21_19-27-38,---,draft.go:2026-03-21_19-27-16
2026-03-22_23-41-19,---,draft.go:2026-03-22_23-41-19
2026-03-23_23-40-16,0,draft.go:2026-03-23_23-40-16
2026-03-23_23-42-01,0,draft.go:2026-03-23_23-42-01
2026-03-23_23-44-53,0,draft.go:2026-03-23_23-44-53
2026-03-23_23-45-29,0,draft.go:2026-03-23_23-45-29
2026-03-23_23-46-32,0,draft.go:2026-03-23_23-46-32
2026-03-23_23-51-35,0,draft.go:2026-03-23_23-51-35
2026-03-23_23-51-58,0,draft.go:2026-03-23_23-51-58
2026-03-24_00-02-37,100,draft.go:2026-03-24_00-02-37
