2026-03-17_19-29-23,0,draft.go:2026-03-17_19-29-23
2026-03-17_19-29-58,0,draft.go:2026-03-17_19-29-58
2026-03-17_19-30-09,0,draft.go:2026-03-17_19-30-09
2026-03-17_19-48-43,0,draft.go:2026-03-17_19-48-43
2026-03-17_19-48-55,25,draft.go:2026-03-17_19-48-55
2026-03-17_19-49-20,0,draft.go:2026-03-17_19-49-20
2026-03-18_13-28-47,---,draft.go:2026-03-18_13-28-47
2026-03-18_13-29-43,25,draft.go:2026-03-18_13-28-47
2026-03-18_13-30-55,25,draft.go:2026-03-18_13-28-47
2026-03-18_13-33-19,75,draft.go:2026-03-18_13-33-19
2026-03-18_13-45-59,0,draft.go:2026-03-18_13-45-59
2026-03-18_13-46-30,---,draft.go:2026-03-18_13-45-59
2026-03-18_13-48-21,25,draft.go:2026-03-18_13-48-21
2026-03-18_13-48-33,75,draft.go:2026-03-18_13-48-33
2026-03-18_13-48-57,75,draft.go:2026-03-18_13-48-33
2026-03-18_13-49-08,75,draft.go:2026-03-18_13-48-33
2026-03-18_13-49-11,75,draft.go:2026-03-18_13-48-33
2026-03-18_13-49-40,75,draft.go:2026-03-18_13-48-33
2026-03-18_13-49-58,75,draft.go:2026-03-18_13-48-33
2026-03-18_13-50-15,75,draft.go:2026-03-18_13-48-33
2026-03-18_14-01-55,75,draft.go:2026-03-18_14-01-55
2026-03-18_14-02-16,25,draft.go:2026-03-18_14-02-16
2026-03-18_14-02-33,75,draft.go:2026-03-18_14-02-33
2026-03-18_14-04-34,100,draft.go:2026-03-18_14-04-34
2026-03-18_14-04-40,100,draft.go:2026-03-18_14-04-34
